ProductFamily,Product,Sales Price
BCD,BCD00001,22
BCD,BCD00002,26
BCD,BCD00003,24
BCD,BCD00004,22
BCD,BCD00005,22
BCD,BCD00006,26
BCD,BCD00007,26
BCD,BCD00008,22
BCD,BCD00009,22
BCD,BCD00010,22
BCD,BCD00011,20
BCD,BCD00012,20
BCD,BCD00013,26
BCD,BCD00014,22
BCD,BCD00015,24
BCD,BCD00016,20
BCD,BCD00017,22
BCD,BCD00018,26
BCD,BCD00019,22
BCD,BCD00020,22
BCD,BCD00021,22
BCD,BCD00022,22
BCD,BCD00023,20
BCD,BCD00024,26
BCD,BCD00025,26
BCD,BCD00026,22
BCD,BCD00027,20
BCD,BCD00028,24
BCD,BCD00029,22
BCD,BCD00030,24
BCD,BCD00031,22
BCD,BCD00032,24
BCD,BCD00033,26
BCD,BCD00034,22
BCD,BCD00035,20
BCD,BCD00036,22
BCD,BCD00037,22
BCD,BCD00038,22
BCD,BCD00039,20
BCD,BCD00040,26
BCD,BCD00041,22
BCD,BCD00042,22
BCD,BCD00043,20
BCD,BCD00044,26
BCD,BCD00045,24
BCD,BCD00046,24
BCD,BCD00047,26
BCD,BCD00048,26
BCD,BCD00049,22
BCD,BCD00050,26
BCD,BCD00051,22
BCD,BCD00052,22
BCD,BCD00053,20
BCD,BCD00054,24
BCD,BCD00055,26
BCD,BCD00056,20
BCD,BCD00057,26
BCD,BCD00058,22
BCD,BCD00059,26
BCD,BCD00060,20
BCD,BCD00061,24
BCD,BCD00062,20
BCD,BCD00063,26
BCD,BCD00064,22
BCD,BCD00065,26
BCD,BCD00066,26
BCD,BCD00067,26
BCD,BCD00068,24
BCD,BCD00069,24
BCD,BCD00070,20
BCD,BCD00071,24
BCD,BCD00072,20
BCD,BCD00073,26
BCD,BCD00074,24
BCD,BCD00075,26
BCD,BCD00076,26
BCD,BCD00077,26
BCD,BCD00078,22
BCD,BCD00079,26
BCD,BCD00080,24
BCD,BCD00081,22
BCD,BCD00082,22
BCD,BCD00083,24
BCD,BCD00084,20
BCD,BCD00085,24
BCD,BCD00086,22
BCD,BCD00087,20
BCD,BCD00088,20
BCD,BCD00089,20
BCD,BCD00090,26
BCD,BCD00091,24
BCD,BCD00092,20
BCD,BCD00093,26
BCD,BCD00094,24
BCD,BCD00095,20
BCD,BCD00096,22
BCD,BCD00097,26
BCD,BCD00098,20
BCD,BCD00099,24
BCD,BCD00100,22
BCD,BCD00101,22
BCD,BCD00102,26
BCD,BCD00103,24
BCD,BCD00104,20
BCD,BCD00105,22
BCD,BCD00106,26
BCD,BCD00107,22
BCD,BCD00108,26
BCD,BCD00109,20
BCD,BCD00110,26
BCD,BCD00111,26
BCD,BCD00112,24
BCD,BCD00113,26
BCD,BCD00114,20
BCD,BCD00115,26
BCD,BCD00116,20
BCD,BCD00117,22
BCD,BCD00118,22
BCD,BCD00119,26
BCD,BCD00120,24
BCD,BCD00121,26
BCD,BCD00122,24
BCD,BCD00123,24
BCD,BCD00124,24
BCD,BCD00125,20
BCD,BCD00126,26
BCD,BCD00127,24
BCD,BCD00128,22
BCD,BCD00129,22
BCD,BCD00130,26
BCD,BCD00131,24
BCD,BCD00132,26
BCD,BCD00133,22
BCD,BCD00134,20
BCD,BCD00135,20
BCD,BCD00136,20
BCD,BCD00137,24
BCD,BCD00138,26
BCD,BCD00139,20
BCD,BCD00140,26
BCD,BCD00141,26
BCD,BCD00142,24
BCD,BCD00143,26
BCD,BCD00144,22
BCD,BCD00145,20
BCD,BCD00146,24
BCD,BCD00147,22
BCD,BCD00148,26
BCD,BCD00149,26
BCD,BCD00150,26
BCD,BCD00151,22
BCD,BCD00152,22
BCD,BCD00153,22
BCD,BCD00154,24
BCD,BCD00155,22
BCD,BCD00156,22
BCD,BCD00157,20
BCD,BCD00158,20
BCD,BCD00159,24
BCD,BCD00160,26
BCD,BCD00161,24
BCD,BCD00162,26
BCD,BCD00163,26
BCD,BCD00164,24
BCD,BCD00165,24
BCD,BCD00166,26
BCD,BCD00167,26
BCD,BCD00168,20
BCD,BCD00169,26
BCD,BCD00170,22
BCD,BCD00171,26
BCD,BCD00172,24
BCD,BCD00173,20
BCD,BCD00174,22
BCD,BCD00175,26
BCD,BCD00176,24
BCD,BCD00177,26
BCD,BCD00178,26
BCD,BCD00179,22
BCD,BCD00180,20
BCD,BCD00181,26
BCD,BCD00182,22
BCD,BCD00183,24
BCD,BCD00184,24
BCD,BCD00185,24
BCD,BCD00186,24
BCD,BCD00187,22
BCD,BCD00188,20
BCD,BCD00189,20
BCD,BCD00190,22
BCD,BCD00191,22
BCD,BCD00192,22
BCD,BCD00193,22
BCD,BCD00194,20
BCD,BCD00195,24
BCD,BCD00196,26
BCD,BCD00197,26
BCD,BCD00198,24
BCD,BCD00199,20
BCD,BCD00200,20
BCD,BCD00201,22
BCD,BCD00202,20
BCD,BCD00203,20
BCD,BCD00204,24
BCD,BCD00205,20
BCD,BCD00206,26
BCD,BCD00207,24
BCD,BCD00208,24
BCD,BCD00209,20
BCD,BCD00210,22
BCD,BCD00211,26
BCD,BCD00212,20
BCD,BCD00213,22
BCD,BCD00214,24
BCD,BCD00215,22
BCD,BCD00216,24
BCD,BCD00217,24
BCD,BCD00218,22
BCD,BCD00219,24
BCD,BCD00220,26
BCD,BCD00221,22
BCD,BCD00222,20
BCD,BCD00223,20
BCD,BCD00224,22
BCD,BCD00225,20
BCD,BCD00226,22
BCD,BCD00227,22
BCD,BCD00228,20
BCD,BCD00229,26
BCD,BCD00230,20
BCD,BCD00231,26
BCD,BCD00232,26
BCD,BCD00233,24
BCD,BCD00234,24
BCD,BCD00235,24
BCD,BCD00236,24
BCD,BCD00237,22
BCD,BCD00238,20
BCD,BCD00239,24
BCD,BCD00240,24
BCD,BCD00241,20
BCD,BCD00242,24
BCD,BCD00243,26
BCD,BCD00244,22
BCD,BCD00245,24
BCD,BCD00246,24
BCD,BCD00247,24
BCD,BCD00248,26
BCD,BCD00249,20
BCD,BCD00250,20
BCD,BCD00251,22
BCD,BCD00252,20
BCD,BCD00253,20
BCD,BCD00254,26
BCD,BCD00255,24
BCD,BCD00256,22
BCD,BCD00257,26
BCD,BCD00258,26
BCD,BCD00259,22
BCD,BCD00260,24
BCD,BCD00261,20
BCD,BCD00262,24
BCD,BCD00263,24
BCD,BCD00264,22
BCD,BCD00265,24
BCD,BCD00266,22
BCD,BCD00267,20
BCD,BCD00268,22
BCD,BCD00269,20
BCD,BCD00270,20
BCD,BCD00271,20
BCD,BCD00272,24
BCD,BCD00273,24
BCD,BCD00274,26
BCD,BCD00275,26
BCD,BCD00276,22
BCD,BCD00277,22
BCD,BCD00278,26
BCD,BCD00279,20
BCD,BCD00280,20
BCD,BCD00281,26
BCD,BCD00282,22
BCD,BCD00283,24
BCD,BCD00284,20
BCD,BCD00285,24
BCD,BCD00286,20
BCD,BCD00287,24
BCD,BCD00288,24
BCD,BCD00289,20
BCD,BCD00290,24
BCD,BCD00291,22
BCD,BCD00292,26
BCD,BCD00293,20
BCD,BCD00294,22
BCD,BCD00295,26
BCD,BCD00296,22
BCD,BCD00297,26
BCD,BCD00298,26
BCD,BCD00299,20
BCD,BCD00300,20
BCD,BCD00301,26
BCD,BCD00302,22
BCD,BCD00303,24
BCD,BCD00304,20
BCD,BCD00305,22
BCD,BCD00306,26
BCD,BCD00307,24
BCD,BCD00308,20
BCD,BCD00309,22
BCD,BCD00310,20
BCD,BCD00311,24
BCD,BCD00312,20
BCD,BCD00313,24
BCD,BCD00314,22
BCD,BCD00315,24
BCD,BCD00316,24
BCD,BCD00317,24
BCD,BCD00318,24
BCD,BCD00319,20
BCD,BCD00320,24
BCD,BCD00321,24
BCD,BCD00322,24
BCD,BCD00323,20
BCD,BCD00324,22
BCD,BCD00325,20
BCD,BCD00326,22
BCD,BCD00327,24
BCD,BCD00328,20
BCD,BCD00329,24
BCD,BCD00330,24
BCD,BCD00331,24
BCD,BCD00332,26
BCD,BCD00333,20
BCD,BCD00334,20
BCD,BCD00335,22
BCD,BCD00336,22
BCD,BCD00337,24
BCD,BCD00338,26
BCD,BCD00339,20
BCD,BCD00340,26
BCD,BCD00341,22
BCD,BCD00342,20
BCD,BCD00343,26
BCD,BCD00344,22
BCD,BCD00345,22
BCD,BCD00346,20
BCD,BCD00347,24
BCD,BCD00348,20
BCD,BCD00349,24
BCD,BCD00350,26
BCD,BCD00351,22
BCD,BCD00352,20
BCD,BCD00353,26
BCD,BCD00354,22
BCD,BCD00355,20
BCD,BCD00356,26
BCD,BCD00357,24
BCD,BCD00358,24
BCD,BCD00359,20
BCD,BCD00360,20
BCD,BCD00361,24
BCD,BCD00362,24
BCD,BCD00363,26
BCD,BCD00364,20
BCD,BCD00365,22
BCD,BCD00366,22
BCD,BCD00367,24
BCD,BCD00368,22
BCD,BCD00369,20
BCD,BCD00370,20
BCD,BCD00371,26
BCD,BCD00372,26
BCD,BCD00373,20
BCD,BCD00374,20
BCD,BCD00375,26
BCD,BCD00376,20
BCD,BCD00377,26
BCD,BCD00378,24
BCD,BCD00379,20
BCD,BCD00380,26
BCD,BCD00381,20
BCD,BCD00382,22
BCD,BCD00383,24
BCD,BCD00384,24
BCD,BCD00385,22
BCD,BCD00386,24
BCD,BCD00387,26
BCD,BCD00388,24
BCD,BCD00389,20
BCD,BCD00390,26
BCD,BCD00391,22
BCD,BCD00392,22
BCD,BCD00393,26
BCD,BCD00394,20
BCD,BCD00395,20
BCD,BCD00396,24
BCD,BCD00397,22
BCD,BCD00398,26
BCD,BCD00399,20
BCD,BCD00400,22
BCD,BCD00401,22
BCD,BCD00402,24
BCD,BCD00403,26
BCD,BCD00404,24
BCD,BCD00405,22
BCD,BCD00406,22
BCD,BCD00407,26
BCD,BCD00408,22
BCD,BCD00409,20
BCD,BCD00410,24
BCD,BCD00411,26
BCD,BCD00412,22
BCD,BCD00413,24
BCD,BCD00414,20
BCD,BCD00415,24
BCD,BCD00416,26
BCD,BCD00417,22
BCD,BCD00418,20
BCD,BCD00419,20
BCD,BCD00420,20
BCD,BCD00421,20
BCD,BCD00422,26
BCD,BCD00423,22
BCD,BCD00424,24
BCD,BCD00425,24
BCD,BCD00426,22
BCD,BCD00427,26
BCD,BCD00428,22
BCD,BCD00429,26
BCD,BCD00430,20
BCD,BCD00431,20
BCD,BCD00432,20
BCD,BCD00433,22
BCD,BCD00434,20
BCD,BCD00435,26
BCD,BCD00436,22
BCD,BCD00437,26
BCD,BCD00438,22
BCD,BCD00439,26
BCD,BCD00440,24
BCD,BCD00441,20
BCD,BCD00442,26
BCD,BCD00443,24
BCD,BCD00444,26
BCD,BCD00445,24
BCD,BCD00446,22
BCD,BCD00447,26
BCD,BCD00448,22
BCD,BCD00449,20
BCD,BCD00450,24
BCD,BCD00451,20
BCD,BCD00452,26
BCD,BCD00453,26
BCD,BCD00454,20
BCD,BCD00455,24
BCD,BCD00456,24
BCD,BCD00457,26
BCD,BCD00458,26
BCD,BCD00459,22
BCD,BCD00460,22
BCD,BCD00461,24
BCD,BCD00462,20
BCD,BCD00463,20
BCD,BCD00464,24
BCD,BCD00465,22
BCD,BCD00466,20
BCD,BCD00467,22
BCD,BCD00468,24
BCD,BCD00469,22
BCD,BCD00470,20
BCD,BCD00471,24
BCD,BCD00472,26
BCD,BCD00473,22
BCD,BCD00474,20
BCD,BCD00475,22
BCD,BCD00476,22
BCD,BCD00477,22
BCD,BCD00478,22
BCD,BCD00479,24
BCD,BCD00480,22
BCD,BCD00481,20
BCD,BCD00482,26
BCD,BCD00483,22
BCD,BCD00484,20
BCD,BCD00485,26
BCD,BCD00486,22
BCD,BCD00487,20
BCD,BCD00488,24
BCD,BCD00489,20
BCD,BCD00490,20
BCD,BCD00491,24
BCD,BCD00492,26
BCD,BCD00493,24
BCD,BCD00494,24
BCD,BCD00495,20
BCD,BCD00496,26
BCD,BCD00497,20
BCD,BCD00498,20
BCD,BCD00499,24
BCD,BCD00500,24
BCD,BCD00501,22
BCD,BCD00502,22
BCD,BCD00503,26
BCD,BCD00504,26
BCD,BCD00505,26
BCD,BCD00506,22
BCD,BCD00507,24
BCD,BCD00508,26
BCD,BCD00509,24
BCD,BCD00510,22
BCD,BCD00511,20
BCD,BCD00512,26
BCD,BCD00513,24
BCD,BCD00514,22
BCD,BCD00515,26
BCD,BCD00516,24
BCD,BCD00517,24
BCD,BCD00518,20
BCD,BCD00519,20
BCD,BCD00520,26
BCD,BCD00521,24
BCD,BCD00522,20
BCD,BCD00523,22
BCD,BCD00524,26
BCD,BCD00525,22
BCD,BCD00526,22
BCD,BCD00527,24
BCD,BCD00528,20
BCD,BCD00529,24
BCD,BCD00530,26
BCD,BCD00531,20
BCD,BCD00532,26
BCD,BCD00533,24
BCD,BCD00534,20
BCD,BCD00535,26
BCD,BCD00536,22
BCD,BCD00537,24
BCD,BCD00538,20
BCD,BCD00539,22
BCD,BCD00540,24
BCD,BCD00541,24
BCD,BCD00542,26
BCD,BCD00543,26
BCD,BCD00544,20
BCD,BCD00545,22
BCD,BCD00546,26
BCD,BCD00547,22
BCD,BCD00548,24
BCD,BCD00549,26
BCD,BCD00550,26
BCD,BCD00551,24
BCD,BCD00552,20
BCD,BCD00553,24
BCD,BCD00554,20
BCD,BCD00555,22
BCD,BCD00556,22
BCD,BCD00557,26
BCD,BCD00558,24
BCD,BCD00559,20
BCD,BCD00560,20
BCD,BCD00561,22
BCD,BCD00562,26
BCD,BCD00563,22
BCD,BCD00564,22
BCD,BCD00565,20
BCD,BCD00566,20
BCD,BCD00567,24
BCD,BCD00568,22
BCD,BCD00569,22
BCD,BCD00570,20
BCD,BCD00571,20
BCD,BCD00572,20
BCD,BCD00573,20
BCD,BCD00574,24
BCD,BCD00575,20
BCD,BCD00576,26
BCD,BCD00577,26
BCD,BCD00578,20
BCD,BCD00579,26
BCD,BCD00580,26
BCD,BCD00581,20
BCD,BCD00582,22
BCD,BCD00583,26
BCD,BCD00584,26
BCD,BCD00585,24
BCD,BCD00586,22
BCD,BCD00587,22
BCD,BCD00588,20
BCD,BCD00589,24
BCD,BCD00590,26
BCD,BCD00591,20
BCD,BCD00592,22
BCD,BCD00593,20
BCD,BCD00594,20
BCD,BCD00595,20
BCD,BCD00596,22
BCD,BCD00597,26
BCD,BCD00598,24
BCD,BCD00599,24
BCD,BCD00600,22
BCD,BCD00601,20
BCD,BCD00602,24
BCD,BCD00603,26
BCD,BCD00604,22
BCD,BCD00605,22
BCD,BCD00606,22
BCD,BCD00607,24
BCD,BCD00608,24
BCD,BCD00609,22
BCD,BCD00610,24
BCD,BCD00611,20
BCD,BCD00612,24
BCD,BCD00613,26
BCD,BCD00614,24
BCD,BCD00615,20
BCD,BCD00616,22
BCD,BCD00617,26
BCD,BCD00618,26
BCD,BCD00619,22
BCD,BCD00620,22
BCD,BCD00621,20
BCD,BCD00622,20
BCD,BCD00623,24
BCD,BCD00624,22
BCD,BCD00625,20
BCD,BCD00626,20
BCD,BCD00627,20
BCD,BCD00628,20
BCD,BCD00629,24
BCD,BCD00630,26
BCD,BCD00631,22
BCD,BCD00632,26
BCD,BCD00633,24
BCD,BCD00634,20
BCD,BCD00635,22
BCD,BCD00636,20
BCD,BCD00637,24
BCD,BCD00638,22
BCD,BCD00639,26
BCD,BCD00640,24
BCD,BCD00641,22
BCD,BCD00642,20
BCD,BCD00643,20
BCD,BCD00644,26
BCD,BCD00645,22
BCD,BCD00646,26
BCD,BCD00647,24
BCD,BCD00648,24
BCD,BCD00649,22
BCD,BCD00650,26
BCD,BCD00651,22
BCD,BCD00652,24
BCD,BCD00653,26
BCD,BCD00654,22
BCD,BCD00655,26
BCD,BCD00656,22
BCD,BCD00657,22
BCD,BCD00658,26
BCD,BCD00659,20
BCD,BCD00660,22
BCD,BCD00661,22
BCD,BCD00662,20
BCD,BCD00663,26
BCD,BCD00664,26
BCD,BCD00665,22
BCD,BCD00666,24
BCD,BCD00667,26
BCD,BCD00668,20
BCD,BCD00669,26
BCD,BCD00670,24
BCD,BCD00671,26
BCD,BCD00672,22
BCD,BCD00673,20
BCD,BCD00674,20
BCD,BCD00675,26
BCD,BCD00676,24
BCD,BCD00677,20
BCD,BCD00678,24
BCD,BCD00679,22
BCD,BCD00680,24
BCD,BCD00681,24
BCD,BCD00682,22
BCD,BCD00683,20
BCD,BCD00684,20
BCD,BCD00685,24
BCD,BCD00686,20
BCD,BCD00687,24
BCD,BCD00688,26
BCD,BCD00689,20
BCD,BCD00690,26
BCD,BCD00691,20
BCD,BCD00692,22
BCD,BCD00693,20
BCD,BCD00694,22
BCD,BCD00695,24
BCD,BCD00696,22
BCD,BCD00697,24
BCD,BCD00698,24
BCD,BCD00699,20
BCD,BCD00700,24
BCD,BCD00701,24
BCD,BCD00702,22
BCD,BCD00703,24
BCD,BCD00704,20
BCD,BCD00705,26
BCD,BCD00706,26
BCD,BCD00707,22
BCD,BCD00708,22
BCD,BCD00709,26
BCD,BCD00710,26
BCD,BCD00711,24
BCD,BCD00712,24
BCD,BCD00713,22
BCD,BCD00714,24
BCD,BCD00715,26
BCD,BCD00716,22
BCD,BCD00717,26
BCD,BCD00718,20
BCD,BCD00719,22
BCD,BCD00720,26
BCD,BCD00721,22
BCD,BCD00722,24
BCD,BCD00723,20
BCD,BCD00724,24
BCD,BCD00725,26
BCD,BCD00726,26
BCD,BCD00727,26
BCD,BCD00728,22
BCD,BCD00729,24
BCD,BCD00730,24
BCD,BCD00731,24
BCD,BCD00732,20
BCD,BCD00733,24
BCD,BCD00734,20
BCD,BCD00735,22
BCD,BCD00736,26
BCD,BCD00737,24
BCD,BCD00738,26
BCD,BCD00739,24
BCD,BCD00740,20
BCD,BCD00741,22
BCD,BCD00742,24
BCD,BCD00743,26
BCD,BCD00744,26
BCD,BCD00745,24
BCD,BCD00746,20
BCD,BCD00747,22
BCD,BCD00748,26
BCD,BCD00749,24
BCD,BCD00750,24
BCD,BCD00751,22
BCD,BCD00752,24
BCD,BCD00753,24
BCD,BCD00754,26
BCD,BCD00755,20
BCD,BCD00756,22
BCD,BCD00757,26
BCD,BCD00758,24
BCD,BCD00759,24
BCD,BCD00760,22
BCD,BCD00761,26
BCD,BCD00762,26
BCD,BCD00763,26
BCD,BCD00764,20
BCD,BCD00765,24
BCD,BCD00766,26
BCD,BCD00767,22
BCD,BCD00768,20
BCD,BCD00769,20
BCD,BCD00770,26
BCD,BCD00771,22
BCD,BCD00772,24
BCD,BCD00773,22
BCD,BCD00774,22
BCD,BCD00775,20
BCD,BCD00776,20
BCD,BCD00777,24
BCD,BCD00778,26
BCD,BCD00779,26
BCD,BCD00780,20
BCD,BCD00781,20
BCD,BCD00782,26
BCD,BCD00783,20
BCD,BCD00784,24
BCD,BCD00785,20
BCD,BCD00786,20
BCD,BCD00787,26
BCD,BCD00788,24
BCD,BCD00789,22
BCD,BCD00790,22
BCD,BCD00791,20
BCD,BCD00792,20
BCD,BCD00793,24
BCD,BCD00794,26
BCD,BCD00795,20
BCD,BCD00796,20
BCD,BCD00797,24
BCD,BCD00798,20
BCD,BCD00799,26
BCD,BCD00800,24
BCD,BCD00801,26
BCD,BCD00802,24
BCD,BCD00803,20
BCD,BCD00804,26
BCD,BCD00805,20
BCD,BCD00806,24
BCD,BCD00807,24
BCD,BCD00808,26
BCD,BCD00809,24
BCD,BCD00810,22
BCD,BCD00811,24
BCD,BCD00812,24
BCD,BCD00813,20
BCD,BCD00814,26
BCD,BCD00815,24
BCD,BCD00816,22
BCD,BCD00817,26
BCD,BCD00818,24
BCD,BCD00819,20
BCD,BCD00820,24
BCD,BCD00821,26
BCD,BCD00822,26
BCD,BCD00823,20
BCD,BCD00824,20
BCD,BCD00825,22
BCD,BCD00826,26
BCD,BCD00827,24
BCD,BCD00828,22
BCD,BCD00829,26
BCD,BCD00830,20
BCD,BCD00831,26
BCD,BCD00832,24
BCD,BCD00833,20
BCD,BCD00834,20
BCD,BCD00835,26
BCD,BCD00836,20
BCD,BCD00837,22
BCD,BCD00838,22
BCD,BCD00839,20
BCD,BCD00840,20
BCD,BCD00841,26
BCD,BCD00842,26
BCD,BCD00843,20
BCD,BCD00844,24
BCD,BCD00845,22
BCD,BCD00846,24
BCD,BCD00847,22
BCD,BCD00848,20
BCD,BCD00849,22
BCD,BCD00850,22
BCD,BCD00851,24
BCD,BCD00852,20
BCD,BCD00853,24
BCD,BCD00854,20
BCD,BCD00855,22
BCD,BCD00856,24
BCD,BCD00857,26
BCD,BCD00858,22
BCD,BCD00859,20
BCD,BCD00860,22
BCD,BCD00861,26
BCD,BCD00862,20
BCD,BCD00863,26
BCD,BCD00864,22
BCD,BCD00865,20
BCD,BCD00866,20
BCD,BCD00867,24
BCD,BCD00868,24
BCD,BCD00869,20
BCD,BCD00870,24
BCD,BCD00871,26
BCD,BCD00872,22
BCD,BCD00873,26
BCD,BCD00874,26
BCD,BCD00875,26
BCD,BCD00876,20
BCD,BCD00877,26
BCD,BCD00878,24
BCD,BCD00879,22
BCD,BCD00880,22
BCD,BCD00881,24
BCD,BCD00882,22
BCD,BCD00883,20
BCD,BCD00884,20
BCD,BCD00885,24
BCD,BCD00886,24
BCD,BCD00887,26
BCD,BCD00888,22
BCD,BCD00889,26
BCD,BCD00890,26
BCD,BCD00891,20
BCD,BCD00892,26
BCD,BCD00893,24
BCD,BCD00894,20
BCD,BCD00895,24
BCD,BCD00896,24
BCD,BCD00897,22
BCD,BCD00898,22
BCD,BCD00899,24
BCD,BCD00900,20
BCD,BCD00901,26
BCD,BCD00902,24
BCD,BCD00903,20
BCD,BCD00904,22
BCD,BCD00905,24
BCD,BCD00906,26
BCD,BCD00907,26
BCD,BCD00908,26
BCD,BCD00909,22
BCD,BCD00910,24
BCD,BCD00911,20
BCD,BCD00912,26
BCD,BCD00913,24
BCD,BCD00914,22
BCD,BCD00915,26
BCD,BCD00916,26
BCD,BCD00917,26
BCD,BCD00918,24
BCD,BCD00919,20
BCD,BCD00920,24
BCD,BCD00921,24
BCD,BCD00922,26
BCD,BCD00923,20
BCD,BCD00924,22
BCD,BCD00925,22
BCD,BCD00926,26
BCD,BCD00927,22
BCD,BCD00928,24
BCD,BCD00929,26
BCD,BCD00930,20
BCD,BCD00931,26
BCD,BCD00932,22
BCD,BCD00933,20
BCD,BCD00934,24
BCD,BCD00935,20
BCD,BCD00936,20
BCD,BCD00937,26
BCD,BCD00938,24
BCD,BCD00939,26
BCD,BCD00940,22
BCD,BCD00941,22
BCD,BCD00942,26
BCD,BCD00943,20
BCD,BCD00944,22
BCD,BCD00945,26
BCD,BCD00946,20
BCD,BCD00947,24
BCD,BCD00948,22
BCD,BCD00949,22
BCD,BCD00950,22
BCD,BCD00951,26
BCD,BCD00952,22
BCD,BCD00953,22
BCD,BCD00954,26
BCD,BCD00955,24
BCD,BCD00956,20
BCD,BCD00957,22
BCD,BCD00958,20
BCD,BCD00959,26
BCD,BCD00960,24
BCD,BCD00961,22
BCD,BCD00962,26
BCD,BCD00963,24
BCD,BCD00964,24
BCD,BCD00965,26
BCD,BCD00966,24
BCD,BCD00967,22
BCD,BCD00968,20
BCD,BCD00969,24
BCD,BCD00970,24
BCD,BCD00971,26
BCD,BCD00972,20
BCD,BCD00973,26
BCD,BCD00974,26
BCD,BCD00975,24
BCD,BCD00976,24
BCD,BCD00977,26
BCD,BCD00978,20
BCD,BCD00979,26
BCD,BCD00980,24
BCD,BCD00981,24
BCD,BCD00982,22
BCD,BCD00983,22
BCD,BCD00984,24
BCD,BCD00985,26
BCD,BCD00986,22
BCD,BCD00987,20
BCD,BCD00988,26
BCD,BCD00989,22
BCD,BCD00990,24
BCD,BCD00991,22
BCD,BCD00992,26
BCD,BCD00993,26
BCD,BCD00994,20
DIS,DIS00995,14
DIS,DIS00996,14
DIS,DIS00997,16
DIS,DIS00998,16
DIS,DIS00999,16
DIS,DIS01000,16
DIS,DIS01001,10
DIS,DIS01002,10
DIS,DIS01003,12
DIS,DIS01004,16
DIS,DIS01005,16
DIS,DIS01006,10
DIS,DIS01007,10
DIS,DIS01008,14
DIS,DIS01009,14
DIS,DIS01010,12
DIS,DIS01011,12
DIS,DIS01012,10
DIS,DIS01013,10
DIS,DIS01014,10
DIS,DIS01015,14
DIS,DIS01016,14
DIS,DIS01017,12
DIS,DIS01018,14
DIS,DIS01019,16
DIS,DIS01020,12
DIS,DIS01021,16
DIS,DIS01022,16
DIS,DIS01023,10
DIS,DIS01024,10
DIS,DIS01025,10
DIS,DIS01026,10
DIS,DIS01027,10
DIS,DIS01028,12
DIS,DIS01029,16
DIS,DIS01030,10
DIS,DIS01031,14
DIS,DIS01032,14
DIS,DIS01033,16
DIS,DIS01034,12
DIS,DIS01035,12
DIS,DIS01036,10
DIS,DIS01037,10
DIS,DIS01038,12
DIS,DIS01039,16
DIS,DIS01040,12
DIS,DIS01041,10
DIS,DIS01042,12
DIS,DIS01043,10
DIS,DIS01044,10
DIS,DIS01045,12
DIS,DIS01046,12
DIS,DIS01047,12
DIS,DIS01048,10
DIS,DIS01049,10
DIS,DIS01050,14
DIS,DIS01051,12
DIS,DIS01052,14
DIS,DIS01053,10
DIS,DIS01054,10
DIS,DIS01055,12
DIS,DIS01056,10
DIS,DIS01057,12
DIS,DIS01058,10
DIS,DIS01059,10
DIS,DIS01060,10
DIS,DIS01061,12
DIS,DIS01062,14
DIS,DIS01063,12
DIS,DIS01064,16
DIS,DIS01065,12
DIS,DIS01066,12
DIS,DIS01067,16
DIS,DIS01068,14
DIS,DIS01069,12
DIS,DIS01070,10
DIS,DIS01071,10
DIS,DIS01072,10
DIS,DIS01073,16
DIS,DIS01074,16
DIS,DIS01075,16
DIS,DIS01076,12
DIS,DIS01077,14
DIS,DIS01078,10
DIS,DIS01079,10
DIS,DIS01080,10
DIS,DIS01081,16
DIS,DIS01082,12
DIS,DIS01083,10
DIS,DIS01084,16
DIS,DIS01085,12
DIS,DIS01086,16
DIS,DIS01087,14
DIS,DIS01088,10
DIS,DIS01089,10
DIS,DIS01090,12
DIS,DIS01091,14
DIS,DIS01092,12
DIS,DIS01093,10
DIS,DIS01094,14
DIS,DIS01095,12
DIS,DIS01096,10
DIS,DIS01097,14
DIS,DIS01098,16
DIS,DIS01099,12
DIS,DIS01100,16
DIS,DIS01101,16
DIS,DIS01102,16
DIS,DIS01103,16
DIS,DIS01104,16
DIS,DIS01105,14
DIS,DIS01106,10
DIS,DIS01107,16
DIS,DIS01108,16
DIS,DIS01109,14
DIS,DIS01110,12
DIS,DIS01111,12
DIS,DIS01112,10
DIS,DIS01113,12
DIS,DIS01114,16
DIS,DIS01115,14
DIS,DIS01116,14
DIS,DIS01117,16
DIS,DIS01118,12
DIS,DIS01119,14
DIS,DIS01120,10
DIS,DIS01121,10
DIS,DIS01122,12
DIS,DIS01123,10
DIS,DIS01124,14
DIS,DIS01125,12
DIS,DIS01126,12
DIS,DIS01127,14
DIS,DIS01128,10
DIS,DIS01129,10
DIS,DIS01130,14
DIS,DIS01131,10
DIS,DIS01132,10
DIS,DIS01133,10
DIS,DIS01134,12
DIS,DIS01135,16
DIS,DIS01136,12
DIS,DIS01137,16
DIS,DIS01138,14
DIS,DIS01139,16
DIS,DIS01140,14
DIS,DIS01141,14
DIS,DIS01142,10
DIS,DIS01143,12
DIS,DIS01144,14
DIS,DIS01145,10
DIS,DIS01146,16
DIS,DIS01147,14
DIS,DIS01148,10
DIS,DIS01149,14
DIS,DIS01150,16
DIS,DIS01151,10
DIS,DIS01152,12
DIS,DIS01153,10
DIS,DIS01154,16
DIS,DIS01155,10
DIS,DIS01156,10
DIS,DIS01157,14
DIS,DIS01158,14
DIS,DIS01159,12
DIS,DIS01160,12
DIS,DIS01161,16
DIS,DIS01162,10
DIS,DIS01163,10
DIS,DIS01164,16
DIS,DIS01165,12
DIS,DIS01166,14
DIS,DIS01167,12
DIS,DIS01168,12
DIS,DIS01169,16
DIS,DIS01170,14
DIS,DIS01171,16
DIS,DIS01172,16
DIS,DIS01173,16
DIS,DIS01174,12
DIS,DIS01175,12
DIS,DIS01176,12
DIS,DIS01177,14
DIS,DIS01178,16
DIS,DIS01179,16
DIS,DIS01180,12
DIS,DIS01181,12
DIS,DIS01182,12
DIS,DIS01183,16
DIS,DIS01184,14
DIS,DIS01185,16
DIS,DIS01186,16
DIS,DIS01187,12
DIS,DIS01188,16
DIS,DIS01189,10
DIS,DIS01190,14
DIS,DIS01191,12
DIS,DIS01192,10
DIS,DIS01193,16
DIS,DIS01194,16
DIS,DIS01195,14
DIS,DIS01196,10
DIS,DIS01197,12
DIS,DIS01198,14
DIS,DIS01199,14
DIS,DIS01200,16
DIS,DIS01201,16
DIS,DIS01202,16
DIS,DIS01203,16
DIS,DIS01204,12
DIS,DIS01205,14
DIS,DIS01206,10
DIS,DIS01207,12
DIS,DIS01208,10
DIS,DIS01209,12
DIS,DIS01210,14
DIS,DIS01211,14
DIS,DIS01212,10
DIS,DIS01213,14
DIS,DIS01214,14
DIS,DIS01215,14
DIS,DIS01216,10
DIS,DIS01217,10
DIS,DIS01218,16
DIS,DIS01219,10
DIS,DIS01220,12
DIS,DIS01221,14
DIS,DIS01222,10
DIS,DIS01223,10
DIS,DIS01224,16
DIS,DIS01225,10
DIS,DIS01226,14
DIS,DIS01227,10
DIS,DIS01228,10
DIS,DIS01229,12
DIS,DIS01230,10
DIS,DIS01231,10
DIS,DIS01232,12
DIS,DIS01233,16
DIS,DIS01234,16
DIS,DIS01235,10
DIS,DIS01236,16
DIS,DIS01237,16
DIS,DIS01238,12
DIS,DIS01239,12
DIS,DIS01240,16
DIS,DIS01241,10
DIS,DIS01242,16
DIS,DIS01243,14
DIS,DIS01244,14
DIS,DIS01245,16
DIS,DIS01246,10
DIS,DIS01247,16
DIS,DIS01248,16
DIS,DIS01249,10
DIS,DIS01250,12
DIS,DIS01251,14
DIS,DIS01252,14
DIS,DIS01253,12
DIS,DIS01254,10
DIS,DIS01255,14
DIS,DIS01256,14
DIS,DIS01257,14
DIS,DIS01258,12
DIS,DIS01259,10
DIS,DIS01260,12
DIS,DIS01261,14
DIS,DIS01262,12
DIS,DIS01263,10
DIS,DIS01264,10
DIS,DIS01265,16
DIS,DIS01266,14
DIS,DIS01267,14
DIS,DIS01268,10
DIS,DIS01269,10
DIS,DIS01270,14
DIS,DIS01271,10
DIS,DIS01272,14
DIS,DIS01273,14
DIS,DIS01274,16
DIS,DIS01275,10
DIS,DIS01276,14
DIS,DIS01277,10
DIS,DIS01278,10
DIS,DIS01279,10
DIS,DIS01280,16
DIS,DIS01281,14
DIS,DIS01282,12
DIS,DIS01283,12
DIS,DIS01284,12
DIS,DIS01285,10
DIS,DIS01286,12
DIS,DIS01287,16
DIS,DIS01288,12
DIS,DIS01289,10
DIS,DIS01290,16
DIS,DIS01291,14
DIS,DIS01292,16
DIS,DIS01293,12
DIS,DIS01294,12
DIS,DIS01295,12
DIS,DIS01296,12
DIS,DIS01297,10
DIS,DIS01298,16
DIS,DIS01299,14
DIS,DIS01300,16
DIS,DIS01301,14
DIS,DIS01302,14
DIS,DIS01303,12
DIS,DIS01304,10
DIS,DIS01305,16
DIS,DIS01306,14
DIS,DIS01307,10
DIS,DIS01308,10
DIS,DIS01309,14
DIS,DIS01310,10
DIS,DIS01311,16
DIS,DIS01312,14
DIS,DIS01313,12
DIS,DIS01314,16
DIS,DIS01315,14
DIS,DIS01316,12
DIS,DIS01317,16
DIS,DIS01318,14
DIS,DIS01319,12
DIS,DIS01320,14
DIS,DIS01321,14
DIS,DIS01322,10
DIS,DIS01323,12
DIS,DIS01324,14
DIS,DIS01325,14
DIS,DIS01326,12
DIS,DIS01327,16
DIS,DIS01328,12
DIS,DIS01329,12
DIS,DIS01330,16
DIS,DIS01331,14
DIS,DIS01332,12
DIS,DIS01333,12
DIS,DIS01334,16
DIS,DIS01335,14
DIS,DIS01336,14
DIS,DIS01337,16
DIS,DIS01338,12
DIS,DIS01339,12
DIS,DIS01340,12
DIS,DIS01341,10
DIS,DIS01342,16
DIS,DIS01343,10
DIS,DIS01344,10
DIS,DIS01345,16
DIS,DIS01346,12
DIS,DIS01347,12
DIS,DIS01348,14
DIS,DIS01349,14
DIS,DIS01350,14
DIS,DIS01351,10
DIS,DIS01352,16
DIS,DIS01353,16
DIS,DIS01354,12
DIS,DIS01355,12
DIS,DIS01356,10
DIS,DIS01357,10
DIS,DIS01358,14
DIS,DIS01359,14
DIS,DIS01360,16
DIS,DIS01361,10
DIS,DIS01362,16
DIS,DIS01363,16
DIS,DIS01364,12
DIS,DIS01365,12
DIS,DIS01366,14
DIS,DIS01367,14
DIS,DIS01368,16
DIS,DIS01369,12
DIS,DIS01370,10
DIS,DIS01371,10
DIS,DIS01372,10
DIS,DIS01373,10
DIS,DIS01374,14
DIS,DIS01375,16
DIS,DIS01376,14
DIS,DIS01377,12
DIS,DIS01378,12
DIS,DIS01379,14
DIS,DIS01380,12
DIS,DIS01381,16
DIS,DIS01382,14
DIS,DIS01383,10
DIS,DIS01384,12
DIS,DIS01385,10
DIS,DIS01386,14
DIS,DIS01387,10
DIS,DIS01388,10
DIS,DIS01389,14
DIS,DIS01390,16
DIS,DIS01391,14
DIS,DIS01392,10
DIS,DIS01393,10
DIS,DIS01394,12
DIS,DIS01395,14
DIS,DIS01396,10
DIS,DIS01397,12
DIS,DIS01398,12
DIS,DIS01399,12
DIS,DIS01400,14
DIS,DIS01401,10
DIS,DIS01402,16
DIS,DIS01403,14
DIS,DIS01404,12
DIS,DIS01405,14
DIS,DIS01406,12
DIS,DIS01407,10
DIS,DIS01408,14
DIS,DIS01409,12
DIS,DIS01410,14
DIS,DIS01411,14
DIS,DIS01412,10
DIS,DIS01413,12
DIS,DIS01414,10
DIS,DIS01415,10
DIS,DIS01416,10
DIS,DIS01417,16
DIS,DIS01418,16
DIS,DIS01419,10
DIS,DIS01420,14
DIS,DIS01421,12
DIS,DIS01422,16
DIS,DIS01423,14
DIS,DIS01424,14
DIS,DIS01425,16
DIS,DIS01426,14
DIS,DIS01427,12
DIS,DIS01428,12
DIS,DIS01429,14
DIS,DIS01430,16
DIS,DIS01431,12
DIS,DIS01432,12
DIS,DIS01433,14
DIS,DIS01434,10
DIS,DIS01435,10
DIS,DIS01436,12
DIS,DIS01437,12
DIS,DIS01438,16
DIS,DIS01439,10
DIS,DIS01440,12
DIS,DIS01441,12
DIS,DIS01442,10
DIS,DIS01443,12
DIS,DIS01444,14
DIS,DIS01445,16
DIS,DIS01446,14
DIS,DIS01447,10
DIS,DIS01448,10
DIS,DIS01449,12
DIS,DIS01450,10
DIS,DIS01451,12
DIS,DIS01452,10
DIS,DIS01453,16
DIS,DIS01454,12
DIS,DIS01455,12
DIS,DIS01456,10
DIS,DIS01457,16
DIS,DIS01458,12
DIS,DIS01459,10
DIS,DIS01460,14
DIS,DIS01461,16
DIS,DIS01462,12
DIS,DIS01463,16
DIS,DIS01464,16
DIS,DIS01465,12
DIS,DIS01466,12
DIS,DIS01467,12
DIS,DIS01468,16
DIS,DIS01469,12
DIS,DIS01470,16
DIS,DIS01471,14
DIS,DIS01472,12
DIS,DIS01473,12
DIS,DIS01474,14
DIS,DIS01475,12
DIS,DIS01476,14
DIS,DIS01477,10
DIS,DIS01478,16
DIS,DIS01479,14
DIS,DIS01480,16
DIS,DIS01481,10
DIS,DIS01482,16
DIS,DIS01483,10
DIS,DIS01484,16
DIS,DIS01485,14
DIS,DIS01486,16
DIS,DIS01487,12
DIS,DIS01488,16
DIS,DIS01489,16
DIS,DIS01490,10
DIS,DIS01491,14
DIS,DIS01492,10
DIS,DIS01493,16
DIS,DIS01494,14
DIS,DIS01495,14
DIS,DIS01496,16
DIS,DIS01497,14
DIS,DIS01498,14
DIS,DIS01499,16
DIS,DIS01500,12
DIS,DIS01501,10
DIS,DIS01502,10
DIS,DIS01503,14
DIS,DIS01504,12
DIS,DIS01505,10
DIS,DIS01506,14
DIS,DIS01507,12
DIS,DIS01508,12
DIS,DIS01509,14
DIS,DIS01510,10
DIS,DIS01511,10
DIS,DIS01512,14
DIS,DIS01513,10
DIS,DIS01514,16
DIS,DIS01515,16
DIS,DIS01516,14
DIS,DIS01517,12
DIS,DIS01518,16
DIS,DIS01519,12
DIS,DIS01520,10
DIS,DIS01521,12
DIS,DIS01522,12
DIS,DIS01523,16
DIS,DIS01524,10
DIS,DIS01525,12
DIS,DIS01526,14
DIS,DIS01527,16
DIS,DIS01528,16
DIS,DIS01529,10
DIS,DIS01530,14
DIS,DIS01531,16
DIS,DIS01532,14
DIS,DIS01533,10
DIS,DIS01534,10
DIS,DIS01535,12
DIS,DIS01536,12
DIS,DIS01537,12
DIS,DIS01538,14
DIS,DIS01539,12
DIS,DIS01540,12
DIS,DIS01541,14
DIS,DIS01542,12
DIS,DIS01543,14
DIS,DIS01544,16
DIS,DIS01545,10
DIS,DIS01546,10
DIS,DIS01547,14
DIS,DIS01548,10
DIS,DIS01549,16
DIS,DIS01550,14
DIS,DIS01551,12
DIS,DIS01552,14
DIS,DIS01553,16
DIS,DIS01554,14
DIS,DIS01555,14
DIS,DIS01556,12
DIS,DIS01557,14
DIS,DIS01558,12
DIS,DIS01559,12
DIS,DIS01560,12
DIS,DIS01561,12
DIS,DIS01562,12
DIS,DIS01563,12
DIS,DIS01564,14
DIS,DIS01565,16
DIS,DIS01566,16
DIS,DIS01567,14
DIS,DIS01568,10
DIS,DIS01569,10
DIS,DIS01570,16
DIS,DIS01571,14
DIS,DIS01572,16
DIS,DIS01573,12
DIS,DIS01574,12
DIS,DIS01575,14
DIS,DIS01576,10
DIS,DIS01577,14
DIS,DIS01578,14
DIS,DIS01579,10
DIS,DIS01580,16
DIS,DIS01581,14
DIS,DIS01582,14
DIS,DIS01583,16
DIS,DIS01584,12
DIS,DIS01585,16
DIS,DIS01586,14
DIS,DIS01587,14
DIS,DIS01588,10
DIS,DIS01589,14
DIS,DIS01590,12
DIS,DIS01591,12
DIS,DIS01592,14
DIS,DIS01593,14
DIS,DIS01594,14
DIS,DIS01595,14
DIS,DIS01596,12
DIS,DIS01597,16
DIS,DIS01598,10
DIS,DIS01599,14
DIS,DIS01600,14
DIS,DIS01601,10
DIS,DIS01602,12
DIS,DIS01603,12
DIS,DIS01604,10
DIS,DIS01605,16
DIS,DIS01606,16
DIS,DIS01607,16
DIS,DIS01608,10
DIS,DIS01609,16
DIS,DIS01610,16
DIS,DIS01611,12
DIS,DIS01612,12
DIS,DIS01613,10
DIS,DIS01614,16
DIS,DIS01615,14
DIS,DIS01616,14
DIS,DIS01617,14
DIS,DIS01618,16
DIS,DIS01619,16
DIS,DIS01620,10
DIS,DIS01621,14
DIS,DIS01622,12
DIS,DIS01623,16
DIS,DIS01624,10
DIS,DIS01625,12
DIS,DIS01626,14
DIS,DIS01627,14
DIS,DIS01628,10
DIS,DIS01629,12
DIS,DIS01630,12
DIS,DIS01631,10
DIS,DIS01632,12
DIS,DIS01633,14
DIS,DIS01634,14
DIS,DIS01635,14
DIS,DIS01636,16
DIS,DIS01637,12
DIS,DIS01638,12
DIS,DIS01639,16
DIS,DIS01640,12
DIS,DIS01641,10
DIS,DIS01642,10
DIS,DIS01643,14
DIS,DIS01644,16
DIS,DIS01645,12
DIS,DIS01646,12
DIS,DIS01647,10
DIS,DIS01648,12
DIS,DIS01649,16
DIS,DIS01650,14
DIS,DIS01651,14
DIS,DIS01652,10
DIS,DIS01653,12
DIS,DIS01654,10
DIS,DIS01655,12
DIS,DIS01656,12
DIS,DIS01657,16
DIS,DIS01658,14
DIS,DIS01659,12
DIS,DIS01660,12
DIS,DIS01661,16
DIS,DIS01662,10
DIS,DIS01663,14
DIS,DIS01664,12
DIS,DIS01665,16
DIS,DIS01666,10
DIS,DIS01667,10
DIS,DIS01668,14
DIS,DIS01669,12
DIS,DIS01670,14
DIS,DIS01671,12
DIS,DIS01672,10
DIS,DIS01673,16
DIS,DIS01674,14
DIS,DIS01675,10
DIS,DIS01676,12
DIS,DIS01677,12
DIS,DIS01678,14
DIS,DIS01679,14
DIS,DIS01680,10
DIS,DIS01681,10
DIS,DIS01682,16
DIS,DIS01683,16
DIS,DIS01684,10
DIS,DIS01685,10
DIS,DIS01686,12
DIS,DIS01687,14
DIS,DIS01688,16
DIS,DIS01689,16
DIS,DIS01690,14
DIS,DIS01691,14
DIS,DIS01692,16
DIS,DIS01693,16
DIS,DIS01694,14
DIS,DIS01695,14
DIS,DIS01696,16
DIS,DIS01697,12
DIS,DIS01698,16
DIS,DIS01699,14
DIS,DIS01700,12
DIS,DIS01701,10
DIS,DIS01702,16
DIS,DIS01703,14
DIS,DIS01704,14
DIS,DIS01705,12
DIS,DIS01706,14
DIS,DIS01707,16
DIS,DIS01708,14
DIS,DIS01709,10
DIS,DIS01710,12
DIS,DIS01711,14
DIS,DIS01712,10
DIS,DIS01713,14
DIS,DIS01714,10
DIS,DIS01715,12
DIS,DIS01716,10
DIS,DIS01717,12
DIS,DIS01718,14
DIS,DIS01719,10
DIS,DIS01720,10
DIS,DIS01721,12
DIS,DIS01722,16
DIS,DIS01723,12
DIS,DIS01724,16
DIS,DIS01725,14
DIS,DIS01726,16
DIS,DIS01727,10
DIS,DIS01728,14
DIS,DIS01729,10
DIS,DIS01730,12
DIS,DIS01731,14
DIS,DIS01732,14
DIS,DIS01733,14
DIS,DIS01734,16
DIS,DIS01735,10
DIS,DIS01736,12
DIS,DIS01737,12
DIS,DIS01738,14
DIS,DIS01739,14
DIS,DIS01740,10
DIS,DIS01741,16
DIS,DIS01742,16
DIS,DIS01743,14
DIS,DIS01744,10
DIS,DIS01745,12
DIS,DIS01746,16
DIS,DIS01747,14
DIS,DIS01748,14
DIS,DIS01749,10
DIS,DIS01750,16
DIS,DIS01751,12
DIS,DIS01752,14
DIS,DIS01753,16
DIS,DIS01754,16
DIS,DIS01755,12
DIS,DIS01756,16
DIS,DIS01757,14
DIS,DIS01758,16
DIS,DIS01759,14
DIS,DIS01760,16
DIS,DIS01761,12
DIS,DIS01762,10
DIS,DIS01763,10
DIS,DIS01764,16
DIS,DIS01765,16
DIS,DIS01766,12
DIS,DIS01767,10
DIS,DIS01768,10
DIS,DIS01769,16
DIS,DIS01770,16
DIS,DIS01771,16
DIS,DIS01772,10
DIS,DIS01773,14
DIS,DIS01774,16
DIS,DIS01775,10
DIS,DIS01776,12
DIS,DIS01777,16
DIS,DIS01778,16
DIS,DIS01779,16
DIS,DIS01780,10
DIS,DIS01781,16
DIS,DIS01782,16
DIS,DIS01783,14
DIS,DIS01784,16
DIS,DIS01785,14
DIS,DIS01786,16
DIS,DIS01787,16
DIS,DIS01788,16
DIS,DIS01789,14
DIS,DIS01790,16
DIS,DIS01791,16
DIS,DIS01792,14
DIS,DIS01793,16
DIS,DIS01794,12
DIS,DIS01795,10
DIS,DIS01796,14
DIS,DIS01797,12
DIS,DIS01798,14
DIS,DIS01799,12
DIS,DIS01800,14
DIS,DIS01801,10
DIS,DIS01802,12
DIS,DIS01803,14
DIS,DIS01804,12
DIS,DIS01805,16
DIS,DIS01806,12
DIS,DIS01807,16
DIS,DIS01808,12
DIS,DIS01809,14
DIS,DIS01810,16
DIS,DIS01811,16
DIS,DIS01812,10
DIS,DIS01813,16
DIS,DIS01814,12
DIS,DIS01815,14
DIS,DIS01816,10
DIS,DIS01817,14
DIS,DIS01818,16
DIS,DIS01819,10
DIS,DIS01820,16
DIS,DIS01821,12
DIS,DIS01822,10
DIS,DIS01823,14
DIS,DIS01824,12
DIS,DIS01825,12
DIS,DIS01826,12
DIS,DIS01827,14
DIS,DIS01828,12
DIS,DIS01829,14
DIS,DIS01830,16
DIS,DIS01831,12
DIS,DIS01832,16
DIS,DIS01833,14
DIS,DIS01834,16
DIS,DIS01835,12
DIS,DIS01836,10
DIS,DIS01837,16
DIS,DIS01838,10
DIS,DIS01839,12
DIS,DIS01840,12
DIS,DIS01841,12
DIS,DIS01842,10
DIS,DIS01843,12
DIS,DIS01844,14
DIS,DIS01845,14
DIS,DIS01846,10
DIS,DIS01847,16
DIS,DIS01848,14
DIS,DIS01849,16
DIS,DIS01850,14
DIS,DIS01851,16
DIS,DIS01852,14
DIS,DIS01853,16
DIS,DIS01854,14
DIS,DIS01855,14
DIS,DIS01856,14
DIS,DIS01857,14
DIS,DIS01858,10
DIS,DIS01859,10
DIS,DIS01860,16
DIS,DIS01861,16
DIS,DIS01862,12
DIS,DIS01863,10
DIS,DIS01864,10
DIS,DIS01865,12
DIS,DIS01866,12
DIS,DIS01867,14
DIS,DIS01868,12
DIS,DIS01869,14
DIS,DIS01870,16
DIS,DIS01871,12
DIS,DIS01872,12
DIS,DIS01873,14
DIS,DIS01874,12
DIS,DIS01875,10
DIS,DIS01876,12
DIS,DIS01877,10
DIS,DIS01878,12
DIS,DIS01879,12
DIS,DIS01880,14
DIS,DIS01881,14
DIS,DIS01882,10
DIS,DIS01883,16
DIS,DIS01884,16
DIS,DIS01885,12
DIS,DIS01886,12
DIS,DIS01887,16
DIS,DIS01888,10
DIS,DIS01889,14
DIS,DIS01890,16
DIS,DIS01891,10
DIS,DIS01892,16
DIS,DIS01893,14
DIS,DIS01894,16
DIS,DIS01895,14
DIS,DIS01896,16
DIS,DIS01897,10
DIS,DIS01898,12
DIS,DIS01899,14
DIS,DIS01900,16
DIS,DIS01901,12
DIS,DIS01902,16
DIS,DIS01903,14
DIS,DIS01904,12
DIS,DIS01905,10
DIS,DIS01906,12
DIS,DIS01907,12
DIS,DIS01908,10
DIS,DIS01909,10
DIS,DIS01910,14
DIS,DIS01911,12
DIS,DIS01912,14
DIS,DIS01913,16
DIS,DIS01914,16
DIS,DIS01915,14
DIS,DIS01916,10
DIS,DIS01917,10
DIS,DIS01918,14
DIS,DIS01919,14
DIS,DIS01920,10
DIS,DIS01921,16
DIS,DIS01922,16
DIS,DIS01923,10
DIS,DIS01924,10
DIS,DIS01925,12
DIS,DIS01926,10
DIS,DIS01927,12
DIS,DIS01928,10
DIS,DIS01929,10
DIS,DIS01930,10
DIS,DIS01931,16
DIS,DIS01932,16
DIS,DIS01933,12
DIS,DIS01934,10
DIS,DIS01935,10
DIS,DIS01936,12
DIS,DIS01937,16
DIS,DIS01938,14
DIS,DIS01939,12
DIS,DIS01940,10
DIS,DIS01941,10
DIS,DIS01942,14
DIS,DIS01943,14
DIS,DIS01944,16
DIS,DIS01945,10
DIS,DIS01946,10
DIS,DIS01947,16
DIS,DIS01948,16
DIS,DIS01949,16
DIS,DIS01950,12
DIS,DIS01951,12
DIS,DIS01952,10
DIS,DIS01953,12
DIS,DIS01954,14
DIS,DIS01955,12
DIS,DIS01956,14
DIS,DIS01957,14
DIS,DIS01958,12
DIS,DIS01959,16
DIS,DIS01960,14
DIS,DIS01961,10
DIS,DIS01962,14
DIS,DIS01963,12
DIS,DIS01964,16
DIS,DIS01965,14
DIS,DIS01966,14
DIS,DIS01967,12
DIS,DIS01968,12
DIS,DIS01969,12
DIS,DIS01970,10
DIS,DIS01971,16
DIS,DIS01972,14
DIS,DIS01973,16
DIS,DIS01974,10
DIS,DIS01975,12
DIS,DIS01976,16
DIS,DIS01977,10
DIS,DIS01978,14
DIS,DIS01979,16
DIS,DIS01980,10
DIS,DIS01981,12
DIS,DIS01982,14
DIS,DIS01983,12
DIS,DIS01984,14
DIS,DIS01985,14
DIS,DIS01986,12
DIS,DIS01987,16
DIS,DIS01988,16
DIS,DIS01989,10
DIS,DIS01990,16
DIS,DIS01991,14
DIS,DIS01992,12
DIS,DIS01993,10
DIS,DIS01994,10
DIS,DIS01995,14
DIS,DIS01996,16
DIS,DIS01997,14
DIS,DIS01998,16
DIS,DIS01999,16
DIS,DIS02000,10
DIS,DIS02001,12
DIS,DIS02002,16
DIS,DIS02003,16
DIS,DIS02004,16
DIS,DIS02005,12
DIS,DIS02006,14
DIS,DIS02007,12
DIS,DIS02008,10
DIS,DIS02009,12
DIS,DIS02010,10
DIS,DIS02011,14
DIS,DIS02012,10
DIS,DIS02013,12
DIS,DIS02014,12
DIS,DIS02015,14
DIS,DIS02016,16
DIS,DIS02017,16
DIS,DIS02018,12
DIS,DIS02019,12
DIS,DIS02020,10
DIS,DIS02021,12
DIS,DIS02022,14
DIS,DIS02023,14
DIS,DIS02024,10
DIS,DIS02025,12
DIS,DIS02026,12
DIS,DIS02027,10
DIS,DIS02028,12
DIS,DIS02029,12
DIS,DIS02030,12
DIS,DIS02031,14
DIS,DIS02032,12
DIS,DIS02033,10
DIS,DIS02034,10
DIS,DIS02035,16
DIS,DIS02036,14
DIS,DIS02037,12
DIS,DIS02038,16
DIS,DIS02039,16
DIS,DIS02040,12
DIS,DIS02041,14
DIS,DIS02042,10
DIS,DIS02043,10
DIS,DIS02044,10
DIS,DIS02045,12
DIS,DIS02046,16
DIS,DIS02047,10
DIS,DIS02048,10
DIS,DIS02049,14
DIS,DIS02050,10
DIS,DIS02051,10
DIS,DIS02052,14
DIS,DIS02053,14
DIS,DIS02054,12
DIS,DIS02055,10
DIS,DIS02056,14
DIS,DIS02057,12
DIS,DIS02058,10
DIS,DIS02059,12
DIS,DIS02060,10
DIS,DIS02061,16
DIS,DIS02062,14
DIS,DIS02063,16
DIS,DIS02064,12
DIS,DIS02065,14
DIS,DIS02066,10
DIS,DIS02067,16
DIS,DIS02068,10
DIS,DIS02069,14
DIS,DIS02070,12
DIS,DIS02071,16
DIS,DIS02072,12
DIS,DIS02073,14
DIS,DIS02074,12
DIS,DIS02075,10
DIS,DIS02076,10
DIS,DIS02077,12
DIS,DIS02078,12
DIS,DIS02079,16
DIS,DIS02080,12
DIS,DIS02081,16
DIS,DIS02082,14
DIS,DIS02083,16
DIS,DIS02084,12
DIS,DIS02085,10
DIS,DIS02086,10
DIS,DIS02087,10
DIS,DIS02088,14
DIS,DIS02089,14
DIS,DIS02090,10
DIS,DIS02091,10
DIS,DIS02092,16
DIS,DIS02093,16
DIS,DIS02094,14
DIS,DIS02095,10
DIS,DIS02096,12
DIS,DIS02097,12
DIS,DIS02098,12
DIS,DIS02099,10
DIS,DIS02100,12
DIS,DIS02101,12
DIS,DIS02102,12
DIS,DIS02103,10
DIS,DIS02104,12
DIS,DIS02105,14
DIS,DIS02106,16
DIS,DIS02107,12
DIS,DIS02108,16
DIS,DIS02109,10
DIS,DIS02110,10
DIS,DIS02111,10
DIS,DIS02112,12
DIS,DIS02113,16
DIS,DIS02114,16
DIS,DIS02115,12
DIS,DIS02116,16
DIS,DIS02117,12
DIS,DIS02118,12
DIS,DIS02119,14
DIS,DIS02120,10
DIS,DIS02121,16
DIS,DIS02122,12
DIS,DIS02123,12
DIS,DIS02124,14
DIS,DIS02125,12
DIS,DIS02126,14
DIS,DIS02127,12
DIS,DIS02128,10
GAD,GAD02129,46
GAN,GAN02130,42
GAN,GAN02131,42
HV,HV02132,20
HV,HV02133,22
HV,HV02134,20
HV,HV02135,24
HV,HV02136,26
HV,HV02137,22
HV,HV02138,20
HV,HV02139,20
HV,HV02140,22
HV,HV02141,20
HV,HV02142,22
HV,HV02143,22
HV,HV02144,20
HV,HV02145,24
HV,HV02146,22
HV,HV02147,24
HV,HV02148,26
HV,HV02149,22
HV,HV02150,26
HV,HV02151,20
HV,HV02152,24
HV,HV02153,20
HV,HV02154,24
HV,HV02155,22
HV,HV02156,24
HV,HV02157,22
HV,HV02158,24
HV,HV02159,22
HV,HV02160,26
HV,HV02161,20
HV,HV02162,24
HV,HV02163,22
HV,HV02164,24
HV,HV02165,20
HV,HV02166,22
HV,HV02167,22
HV,HV02168,20
HV,HV02169,22
HV,HV02170,22
HV,HV02171,22
HV,HV02172,22
HV,HV02173,20
HV,HV02174,22
HV,HV02175,24
HV,HV02176,20
HV,HV02177,24
HV,HV02178,20
HV,HV02179,26
HV,HV02180,22
HV,HV02181,24
HV,HV02182,24
HV,HV02183,24
HV,HV02184,24
HV,HV02185,22
HV,HV02186,24
HV,HV02187,22
HV,HV02188,26
HV,HV02189,24
HV,HV02190,20
HV,HV02191,24
HV,HV02192,26
HV,HV02193,26
HV,HV02194,24
HV,HV02195,24
HV,HV02196,26
HV,HV02197,20
HV,HV02198,20
HV,HV02199,24
HV,HV02200,26
HV,HV02201,20
HV,HV02202,24
HV,HV02203,22
HV,HV02204,26
HV,HV02205,24
HV,HV02206,22
HV,HV02207,26
HV,HV02208,20
HV,HV02209,26
HV,HV02210,26
HV,HV02211,22
HV,HV02212,24
HV,HV02213,26
HV,HV02214,26
HV,HV02215,26
HV,HV02216,24
HV,HV02217,20
HV,HV02218,24
HV,HV02219,26
HV,HV02220,22
HV,HV02221,22
HV,HV02222,22
HV,HV02223,24
HV,HV02224,22
HV,HV02225,24
HV,HV02226,20
HV,HV02227,22
HV,HV02228,24
HV,HV02229,22
HV,HV02230,20
HV,HV02231,20
HV,HV02232,20
HV,HV02233,26
HV,HV02234,22
HV,HV02235,22
HV,HV02236,22
HV,HV02237,24
HV,HV02238,26
HV,HV02239,26
HV,HV02240,20
HV,HV02241,22
HV,HV02242,22
HV,HV02243,20
HV,HV02244,24
HV,HV02245,22
HV,HV02246,20
HV,HV02247,20
HV,HV02248,24
HV,HV02249,24
HV,HV02250,26
HV,HV02251,20
HV,HV02252,20
HV,HV02253,24
HV,HV02254,20
HV,HV02255,22
HV,HV02256,20
HV,HV02257,24
HV,HV02258,20
HV,HV02259,24
HV,HV02260,26
HV,HV02261,22
HV,HV02262,22
HV,HV02263,20
HV,HV02264,26
HV,HV02265,24
HV,HV02266,26
HV,HV02267,20
HV,HV02268,22
HV,HV02269,22
HV,HV02270,22
HV,HV02271,20
HV,HV02272,24
HV,HV02273,20
HV,HV02274,22
HV,HV02275,22
HV,HV02276,26
HV,HV02277,20
HV,HV02278,26
HV,HV02279,26
HV,HV02280,22
HV,HV02281,26
HV,HV02282,26
HV,HV02283,22
HV,HV02284,24
HV,HV02285,26
HV,HV02286,26
HV,HV02287,22
HV,HV02288,26
HV,HV02289,22
HV,HV02290,22
HV,HV02291,22
HV,HV02292,20
HV,HV02293,24
HV,HV02294,22
HV,HV02295,26
HV,HV02296,26
HV,HV02297,26
HV,HV02298,22
HV,HV02299,26
HV,HV02300,26
HV,HV02301,20
HV,HV02302,20
HV,HV02303,20
HV,HV02304,20
HV,HV02305,22
HV,HV02306,20
HV,HV02307,20
HV,HV02308,24
HV,HV02309,24
HV,HV02310,26
HV,HV02311,20
HV,HV02312,24
HV,HV02313,24
HV,HV02314,26
HV,HV02315,24
HV,HV02316,26
HV,HV02317,24
HV,HV02318,26
HV,HV02319,24
HV,HV02320,22
HV,HV02321,24
HV,HV02322,20
HV,HV02323,26
HV,HV02324,24
HV,HV02325,22
HV,HV02326,26
HV,HV02327,24
HV,HV02328,26
HV,HV02329,24
HV,HV02330,20
HV,HV02331,20
HV,HV02332,26
HV,HV02333,20
HV,HV02334,26
HV,HV02335,26
HV,HV02336,26
HV,HV02337,26
HV,HV02338,22
HV,HV02339,26
HV,HV02340,22
HV,HV02341,20
HV,HV02342,26
HV,HV02343,22
HV,HV02344,20
HV,HV02345,22
HV,HV02346,26
HV,HV02347,24
HV,HV02348,26
HV,HV02349,22
HV,HV02350,22
HV,HV02351,24
HV,HV02352,20
HV,HV02353,26
HV,HV02354,20
HV,HV02355,24
HV,HV02356,24
HV,HV02357,20
HV,HV02358,26
HV,HV02359,20
HV,HV02360,22
HV,HV02361,22
HV,HV02362,20
HV,HV02363,26
HV,HV02364,20
HV,HV02365,20
HV,HV02366,26
HV,HV02367,26
HV,HV02368,20
HV,HV02369,20
HV,HV02370,24
HV,HV02371,22
HV,HV02372,26
HV,HV02373,26
HV,HV02374,20
HV,HV02375,24
HV,HV02376,20
HV,HV02377,20
HV,HV02378,22
HV,HV02379,24
HV,HV02380,24
HV,HV02381,24
HV,HV02382,20
HV,HV02383,22
HV,HV02384,20
HV,HV02385,20
HV,HV02386,20
HV,HV02387,26
HV,HV02388,26
HV,HV02389,20
HV,HV02390,24
HV,HV02391,22
HV,HV02392,22
HV,HV02393,20
HV,HV02394,22
HV,HV02395,22
HV,HV02396,24
HV,HV02397,20
HV,HV02398,20
HV,HV02399,22
HV,HV02400,26
HV,HV02401,26
HV,HV02402,24
HV,HV02403,20
HV,HV02404,22
HV,HV02405,22
HV,HV02406,20
HV,HV02407,24
HV,HV02408,22
HV,HV02409,22
HV,HV02410,20
HV,HV02411,20
HV,HV02412,26
HV,HV02413,24
HV,HV02414,24
HV,HV02415,20
HV,HV02416,24
HV,HV02417,26
HV,HV02418,20
HV,HV02419,20
HV,HV02420,20
HV,HV02421,22
HV,HV02422,22
HV,HV02423,24
HV,HV02424,26
HV,HV02425,22
HV,HV02426,22
HV,HV02427,22
HV,HV02428,20
HV,HV02429,24
HV,HV02430,20
HV,HV02431,22
HV,HV02432,26
HV,HV02433,26
HV,HV02434,24
HV,HV02435,20
HV,HV02436,22
HV,HV02437,22
HV,HV02438,20
HV,HV02439,24
HV,HV02440,26
HV,HV02441,24
HV,HV02442,26
HV,HV02443,24
HV,HV02444,22
HV,HV02445,22
HV,HV02446,26
HV,HV02447,26
HV,HV02448,26
HV,HV02449,22
HV,HV02450,26
HV,HV02451,24
HV,HV02452,26
HV,HV02453,20
HV,HV02454,20
HV,HV02455,26
HV,HV02456,26
HV,HV02457,22
HV,HV02458,24
HV,HV02459,24
HV,HV02460,22
HV,HV02461,24
HV,HV02462,24
HV,HV02463,20
HV,HV02464,22
HV,HV02465,26
HV,HV02466,20
HV,HV02467,24
HV,HV02468,24
HV,HV02469,24
HV,HV02470,24
HV,HV02471,22
HV,HV02472,20
HV,HV02473,20
HV,HV02474,26
HV,HV02475,20
HV,HV02476,20
HV,HV02477,20
HV,HV02478,20
HV,HV02479,22
HV,HV02480,24
HV,HV02481,20
HV,HV02482,24
HV,HV02483,26
HV,HV02484,24
HV,HV02485,20
HV,HV02486,24
HV,HV02487,24
HV,HV02488,26
HV,HV02489,22
HV,HV02490,20
HV,HV02491,22
HV,HV02492,20
HV,HV02493,24
HV,HV02494,22
HV,HV02495,20
HV,HV02496,26
HV,HV02497,24
HV,HV02498,24
HV,HV02499,26
HV,HV02500,24
HV,HV02501,24
HV,HV02502,20
HV,HV02503,22
HV,HV02504,26
HV,HV02505,24
HV,HV02506,24
HV,HV02507,20
HV,HV02508,24
HV,HV02509,26
HV,HV02510,24
HV,HV02511,26
HV,HV02512,24
HV,HV02513,24
HV,HV02514,26
HV,HV02515,26
HV,HV02516,24
HV,HV02517,20
HV,HV02518,24
HV,HV02519,22
HV,HV02520,26
HV,HV02521,24
HV,HV02522,26
HV,HV02523,26
HV,HV02524,26
HV,HV02525,26
HV,HV02526,26
HV,HV02527,22
HV,HV02528,22
HV,HV02529,24
HV,HV02530,26
HV,HV02531,26
HV,HV02532,22
HV,HV02533,20
HV,HV02534,24
HV,HV02535,20
HV,HV02536,26
HV,HV02537,22
HV,HV02538,24
HV,HV02539,20
HV,HV02540,24
HV,HV02541,24
HV,HV02542,26
HV,HV02543,26
HV,HV02544,26
HV,HV02545,26
HV,HV02546,20
HV,HV02547,20
HV,HV02548,20
HV,HV02549,20
HV,HV02550,22
HV,HV02551,26
HV,HV02552,22
HV,HV02553,26
HV,HV02554,20
HV,HV02555,22
HV,HV02556,22
HV,HV02557,20
HV,HV02558,24
HV,HV02559,22
HV,HV02560,20
HV,HV02561,20
HV,HV02562,22
HV,HV02563,20
HV,HV02564,24
HV,HV02565,22
HV,HV02566,20
HV,HV02567,20
HV,HV02568,20
HV,HV02569,26
HV,HV02570,24
HV,HV02571,26
HV,HV02572,26
HV,HV02573,20
HV,HV02574,22
HV,HV02575,24
HV,HV02576,22
HV,HV02577,24
HV,HV02578,20
HV,HV02579,20
HV,HV02580,24
HV,HV02581,26
HV,HV02582,22
HV,HV02583,20
HV,HV02584,22
HV,HV02585,26
HV,HV02586,20
HV,HV02587,26
HV,HV02588,26
HV,HV02589,24
HV,HV02590,24
HV,HV02591,24
HV,HV02592,22
HV,HV02593,26
HV,HV02594,20
HV,HV02595,24
HV,HV02596,26
HV,HV02597,26
HV,HV02598,24
HV,HV02599,24
HV,HV02600,20
HV,HV02601,22
HV,HV02602,24
HV,HV02603,20
HV,HV02604,24
HV,HV02605,24
HV,HV02606,24
HV,HV02607,22
HV,HV02608,24
HV,HV02609,20
HV,HV02610,20
HV,HV02611,24
HV,HV02612,24
HV,HV02613,24
HV,HV02614,20
HV,HV02615,24
HV,HV02616,20
HV,HV02617,22
HV,HV02618,22
HV,HV02619,24
HV,HV02620,20
HV,HV02621,20
HV,HV02622,24
HV,HV02623,26
HV,HV02624,24
HV,HV02625,20
HV,HV02626,20
HV,HV02627,20
HV,HV02628,24
HV,HV02629,20
HV,HV02630,22
HV,HV02631,20
HV,HV02632,20
HV,HV02633,20
HV,HV02634,24
HV,HV02635,26
HV,HV02636,24
HV,HV02637,20
HV,HV02638,26
HV,HV02639,22
HV,HV02640,20
HV,HV02641,22
HV,HV02642,20
HV,HV02643,22
HV,HV02644,24
HV,HV02645,20
HV,HV02646,22
HV,HV02647,22
HV,HV02648,20
HV,HV02649,26
HV,HV02650,20
HV,HV02651,22
HV,HV02652,24
HV,HV02653,24
HV,HV02654,22
HV,HV02655,20
HV,HV02656,22
HV,HV02657,22
HV,HV02658,20
HV,HV02659,24
HV,HV02660,22
HV,HV02661,26
HV,HV02662,20
HV,HV02663,24
HV,HV02664,24
HV,HV02665,22
HV,HV02666,26
HV,HV02667,22
HV,HV02668,26
HV,HV02669,22
HV,HV02670,20
HV,HV02671,20
HV,HV02672,26
HV,HV02673,26
HV,HV02674,24
HV,HV02675,20
HV,HV02676,24
HV,HV02677,20
HV,HV02678,20
HV,HV02679,26
HV,HV02680,26
HV,HV02681,20
HV,HV02682,26
HV,HV02683,22
HV,HV02684,22
HV,HV02685,20
HV,HV02686,24
HV,HV02687,24
HV,HV02688,26
HV,HV02689,22
HV,HV02690,20
HV,HV02691,20
HV,HV02692,20
HV,HV02693,26
HV,HV02694,24
HV,HV02695,22
HV,HV02696,24
HV,HV02697,24
HV,HV02698,24
HV,HV02699,22
HV,HV02700,22
HV,HV02701,20
HV,HV02702,24
HV,HV02703,24
HV,HV02704,22
HV,HV02705,20
HV,HV02706,20
HV,HV02707,24
HV,HV02708,26
HV,HV02709,20
HV,HV02710,22
HV,HV02711,24
HV,HV02712,20
HV,HV02713,22
HV,HV02714,22
HV,HV02715,22
HV,HV02716,24
HV,HV02717,22
HV,HV02718,22
HV,HV02719,26
HV,HV02720,26
HV,HV02721,26
HV,HV02722,22
HV,HV02723,20
HV,HV02724,22
HV,HV02725,26
HV,HV02726,20
HV,HV02727,24
HV,HV02728,26
HV,HV02729,24
HV,HV02730,20
HV,HV02731,22
HV,HV02732,24
HV,HV02733,20
HV,HV02734,22
HV,HV02735,20
HV,HV02736,22
HV,HV02737,22
HV,HV02738,22
HV,HV02739,20
HV,HV02740,26
HV,HV02741,26
HV,HV02742,24
HV,HV02743,26
HV,HV02744,24
HV,HV02745,24
HV,HV02746,20
HV,HV02747,22
HV,HV02748,20
HV,HV02749,26
HV,HV02750,20
HV,HV02751,26
HV,HV02752,24
HV,HV02753,26
HV,HV02754,20
HV,HV02755,26
HV,HV02756,20
HV,HV02757,20
HV,HV02758,20
HV,HV02759,20
HV,HV02760,20
HV,HV02761,26
HV,HV02762,26
HV,HV02763,20
HV,HV02764,24
HV,HV02765,24
HV,HV02766,20
HV,HV02767,24
HV,HV02768,20
HV,HV02769,24
HV,HV02770,24
HV,HV02771,26
HV,HV02772,24
HV,HV02773,26
HV,HV02774,26
HV,HV02775,22
HV,HV02776,20
HV,HV02777,24
HV,HV02778,20
HV,HV02779,24
HV,HV02780,24
HV,HV02781,26
HV,HV02782,24
HV,HV02783,22
HV,HV02784,26
HV,HV02785,26
HV,HV02786,26
HV,HV02787,24
HV,HV02788,20
HV,HV02789,22
HV,HV02790,26
HV,HV02791,24
HV,HV02792,20
HV,HV02793,20
HV,HV02794,26
HV,HV02795,22
HV,HV02796,24
HV,HV02797,24
HV,HV02798,22
HV,HV02799,26
HV,HV02800,24
HV,HV02801,20
HV,HV02802,22
HV,HV02803,26
HV,HV02804,22
HV,HV02805,26
HV,HV02806,24
HV,HV02807,24
HV,HV02808,20
HV,HV02809,22
HV,HV02810,26
HV,HV02811,24
HV,HV02812,24
HV,HV02813,24
HV,HV02814,20
HV,HV02815,20
HV,HV02816,24
HV,HV02817,26
HV,HV02818,26
HV,HV02819,24
HV,HV02820,20
HV,HV02821,22
HV,HV02822,22
HV,HV02823,26
HV,HV02824,26
HV,HV02825,26
HV,HV02826,22
HV,HV02827,20
HV,HV02828,22
HV,HV02829,20
HV,HV02830,24
HV,HV02831,26
HV,HV02832,24
HV,HV02833,24
HV,HV02834,22
HV,HV02835,24
HV,HV02836,20
HV,HV02837,20
HV,HV02838,20
HV,HV02839,26
HV,HV02840,20
HV,HV02841,22
HV,HV02842,26
HV,HV02843,24
HV,HV02844,26
HV,HV02845,22
HV,HV02846,26
HV,HV02847,20
HV,HV02848,24
HV,HV02849,20
HV,HV02850,22
HV,HV02851,22
HV,HV02852,22
HV,HV02853,22
HV,HV02854,26
HV,HV02855,26
HV,HV02856,26
HV,HV02857,24
HV,HV02858,20
HV,HV02859,20
HV,HV02860,20
HV,HV02861,26
HV,HV02862,22
HV,HV02863,20
HV,HV02864,26
HV,HV02865,26
HV,HV02866,22
HV,HV02867,20
HV,HV02868,26
HV,HV02869,26
HV,HV02870,26
HV,HV02871,26
HV,HV02872,24
HV,HV02873,26
HV,HV02874,22
HV,HV02875,20
HV,HV02876,22
HV,HV02877,22
HV,HV02878,20
HV,HV02879,20
HV,HV02880,26
HV,HV02881,22
HV,HV02882,26
HV,HV02883,24
HV,HV02884,22
HV,HV02885,20
HV,HV02886,22
HV,HV02887,24
HV,HV02888,22
HV,HV02889,20
HV,HV02890,26
HV,HV02891,26
HV,HV02892,22
HV,HV02893,24
HV,HV02894,20
HV,HV02895,24
HV,HV02896,26
HV,HV02897,22
HV,HV02898,26
HV,HV02899,24
HV,HV02900,22
HV,HV02901,24
HV,HV02902,26
HV,HV02903,22
HV,HV02904,20
HV,HV02905,22
HV,HV02906,24
HV,HV02907,20
HV,HV02908,20
HV,HV02909,20
HV,HV02910,24
HV,HV02911,20
HV,HV02912,26
HV,HV02913,22
HV,HV02914,22
HV,HV02915,20
HV,HV02916,26
HV,HV02917,26
HV,HV02918,22
HV,HV02919,24
HV,HV02920,20
HV,HV02921,22
HV,HV02922,26
HV,HV02923,22
HV,HV02924,24
HV,HV02925,26
HV,HV02926,20
HV,HV02927,26
HV,HV02928,26
HV,HV02929,22
HV,HV02930,24
HV,HV02931,20
HV,HV02932,20
HV,HV02933,24
HV,HV02934,24
HV,HV02935,22
HV,HV02936,24
HV,HV02937,24
HV,HV02938,26
HV,HV02939,22
HV,HV02940,22
HV,HV02941,24
HV,HV02942,22
HV,HV02943,20
HV,HV02944,20
HV,HV02945,20
HV,HV02946,20
HV,HV02947,26
HV,HV02948,24
HV,HV02949,20
HV,HV02950,22
HV,HV02951,24
HV,HV02952,20
HV,HV02953,22
HV,HV02954,20
HV,HV02955,20
HV,HV02956,20
HV,HV02957,26
HV,HV02958,24
HV,HV02959,20
HV,HV02960,24
HV,HV02961,24
HV,HV02962,26
HV,HV02963,24
HV,HV02964,20
HV,HV02965,24
HV,HV02966,22
HV,HV02967,22
HV,HV02968,22
HV,HV02969,22
LOG,LOG02970,36
LOG,LOG02971,30
LOG,LOG02972,32
LOG,LOG02973,32
LOG,LOG02974,30
LOG,LOG02975,36
LOG,LOG02976,36
LOG,LOG02977,32
LOG,LOG02978,30
LOG,LOG02979,36
LOG,LOG02980,30
LOG,LOG02981,30
LOG,LOG02982,30
LOG,LOG02983,34
LOG,LOG02984,30
LOG,LOG02985,32
LOG,LOG02986,30
LOG,LOG02987,36
LOG,LOG02988,34
LOG,LOG02989,32
LOG,LOG02990,30
LOG,LOG02991,30
LOG,LOG02992,36
LOG,LOG02993,36
LOG,LOG02994,30
LOG,LOG02995,34
LOG,LOG02996,34
MEM,MEM02997,14
MEM,MEM02998,16
MEM,MEM02999,12
MEM,MEM03000,14
MEM,MEM03001,12
MEM,MEM03002,14
MEM,MEM03003,12
MEM,MEM03004,14
MEM,MEM03005,12
MEM,MEM03006,10
MEM,MEM03007,12
MEM,MEM03008,10
MEM,MEM03009,12
MEM,MEM03010,16
MEM,MEM03011,16
MEM,MEM03012,12
MEM,MEM03013,16
MEM,MEM03014,12
MEM,MEM03015,10
MEM,MEM03016,12
MEM,MEM03017,12
MEM,MEM03018,14
MEM,MEM03019,12
MEM,MEM03020,16
MEM,MEM03021,12
MEM,MEM03022,10
MEM,MEM03023,14
MEM,MEM03024,12
MEM,MEM03025,10
MEM,MEM03026,10
MEM,MEM03027,10
MEM,MEM03028,16
MIX,MIX03029,44
MIX,MIX03030,44
MIX,MIX03031,42
MIX,MIX03032,40
MIX,MIX03033,46
MIX,MIX03034,44
MIX,MIX03035,42
MIX,MIX03036,42
MIX,MIX03037,42
MIX,MIX03038,40
MIX,MIX03039,42
MIX,MIX03040,44
MIX,MIX03041,42
MIX,MIX03042,46
MIX,MIX03043,42
MIX,MIX03044,46
MIX,MIX03045,46
MIX,MIX03046,40
MIX,MIX03047,42
MIX,MIX03048,42
MIX,MIX03049,42
MIX,MIX03050,46
MIX,MIX03051,46
MIX,MIX03052,46
MIX,MIX03053,44
MIX,MIX03054,46
MIX,MIX03055,42
MIX,MIX03056,44
MIX,MIX03057,46
MIX,MIX03058,44
MIX,MIX03059,46
MIX,MIX03060,42
MIX,MIX03061,44
MIX,MIX03062,44
MIX,MIX03063,46
MIX,MIX03064,40
MIX,MIX03065,44
MIX,MIX03066,44
MIX,MIX03067,46
MIX,MIX03068,40
MIX,MIX03069,40
MIX,MIX03070,42
MIX,MIX03071,46
MIX,MIX03072,42
MIX,MIX03073,44
MIX,MIX03074,42
MIX,MIX03075,46
MIX,MIX03076,46
MIX,MIX03077,40
MIX,MIX03078,46
MIX,MIX03079,40
MIX,MIX03080,40
MIX,MIX03081,40
MIX,MIX03082,40
MIX,MIX03083,40
MIX,MIX03084,44
MIX,MIX03085,40
MIX,MIX03086,46
MIX,MIX03087,46
MIX,MIX03088,44
MIX,MIX03089,46
MIX,MIX03090,46
MIX,MIX03091,40
MIX,MIX03092,44
MIX,MIX03093,46
MIX,MIX03094,44
MIX,MIX03095,46
MIX,MIX03096,42
MIX,MIX03097,46
MIX,MIX03098,44
MIX,MIX03099,40
MIX,MIX03100,42
MIX,MIX03101,44
MIX,MIX03102,42
MIX,MIX03103,44
MIX,MIX03104,44
MIX,MIX03105,42
MIX,MIX03106,42
MIX,MIX03107,46
MIX,MIX03108,44
MIX,MIX03109,44
MIX,MIX03110,42
MIX,MIX03111,44
MIX,MIX03112,44
MIX,MIX03113,40
MIX,MIX03114,44
MIX,MIX03115,44
MIX,MIX03116,42
MIX,MIX03117,44
MIX,MIX03118,46
MIX,MIX03119,46
MIX,MIX03120,42
MIX,MIX03121,42
MIX,MIX03122,40
MIX,MIX03123,40
MIX,MIX03124,44
MIX,MIX03125,42
MIX,MIX03126,46
MIX,MIX03127,40
MIX,MIX03128,42
MIX,MIX03129,46
MIX,MIX03130,40
MIX,MIX03131,46
MIX,MIX03132,44
MIX,MIX03133,40
MIX,MIX03134,40
MIX,MIX03135,44
MIX,MIX03136,40
MIX,MIX03137,40
MIX,MIX03138,44
MIX,MIX03139,46
MIX,MIX03140,42
MIX,MIX03141,44
MIX,MIX03142,46
MIX,MIX03143,40
MIX,MIX03144,40
MIX,MIX03145,46
MIX,MIX03146,44
MIX,MIX03147,40
MIX,MIX03148,44
MIX,MIX03149,40
MIX,MIX03150,44
MIX,MIX03151,40
MIX,MIX03152,40
MIX,MIX03153,44
MIX,MIX03154,40
MIX,MIX03155,42
MIX,MIX03156,40
MIX,MIX03157,40
MIX,MIX03158,42
MIX,MIX03159,42
MIX,MIX03160,46
MIX,MIX03161,42
MIX,MIX03162,42
MIX,MIX03163,44
MIX,MIX03164,44
MIX,MIX03165,40
MIX,MIX03166,46
MIX,MIX03167,40
MIX,MIX03168,42
MIX,MIX03169,42
MIX,MIX03170,42
MIX,MIX03171,40
MIX,MIX03172,46
MIX,MIX03173,42
MIX,MIX03174,46
MIX,MIX03175,42
MIX,MIX03176,40
MIX,MIX03177,42
MIX,MIX03178,42
MIX,MIX03179,40
MIX,MIX03180,46
MIX,MIX03181,42
MIX,MIX03182,44
MIX,MIX03183,42
MIX,MIX03184,40
MIX,MIX03185,44
MIX,MIX03186,44
MIX,MIX03187,42
MIX,MIX03188,46
MIX,MIX03189,42
MIX,MIX03190,44
MIX,MIX03191,42
MIX,MIX03192,44
MIX,MIX03193,42
MIX,MIX03194,44
MIX,MIX03195,40
MIX,MIX03196,46
MIX,MIX03197,44
MIX,MIX03198,40
MIX,MIX03199,44
MIX,MIX03200,42
MIX,MIX03201,44
MIX,MIX03202,44
MIX,MIX03203,46
MIX,MIX03204,42
MIX,MIX03205,40
MIX,MIX03206,44
MIX,MIX03207,42
MIX,MIX03208,44
MIX,MIX03209,42
MIX,MIX03210,46
MIX,MIX03211,40
MIX,MIX03212,42
MIX,MIX03213,40
MIX,MIX03214,42
MIX,MIX03215,42
MIX,MIX03216,44
MIX,MIX03217,46
MIX,MIX03218,40
MIX,MIX03219,44
MIX,MIX03220,46
MIX,MIX03221,46
MIX,MIX03222,40
MIX,MIX03223,42
MIX,MIX03224,40
MIX,MIX03225,44
MIX,MIX03226,46
MIX,MIX03227,40
MIX,MIX03228,40
MIX,MIX03229,40
MIX,MIX03230,44
MIX,MIX03231,42
MIX,MIX03232,42
MIX,MIX03233,40
MIX,MIX03234,44
MIX,MIX03235,44
MIX,MIX03236,44
MIX,MIX03237,44
MIX,MIX03238,44
MIX,MIX03239,42
MIX,MIX03240,40
MIX,MIX03241,46
MIX,MIX03242,46
MIX,MIX03243,40
MIX,MIX03244,40
MIX,MIX03245,44
MIX,MIX03246,44
MIX,MIX03247,44
MIX,MIX03248,42
MIX,MIX03249,42
MIX,MIX03250,44
MIX,MIX03251,42
MIX,MIX03252,42
MIX,MIX03253,44
MIX,MIX03254,40
MIX,MIX03255,44
MIX,MIX03256,46
MIX,MIX03257,46
MIX,MIX03258,40
MIX,MIX03259,44
MIX,MIX03260,44
MIX,MIX03261,42
MIX,MIX03262,42
MIX,MIX03263,42
MIX,MIX03264,46
MIX,MIX03265,42
MIX,MIX03266,42
MIX,MIX03267,46
MIX,MIX03268,46
MIX,MIX03269,42
MIX,MIX03270,40
MIX,MIX03271,44
MIX,MIX03272,40
MIX,MIX03273,40
MIX,MIX03274,40
MIX,MIX03275,46
MIX,MIX03276,46
MIX,MIX03277,44
MIX,MIX03278,44
MIX,MIX03279,40
MIX,MIX03280,40
MIX,MIX03281,44
MIX,MIX03282,44
MIX,MIX03283,44
MIX,MIX03284,46
MIX,MIX03285,46
MIX,MIX03286,40
MIX,MIX03287,44
MIX,MIX03288,44
MIX,MIX03289,42
MIX,MIX03290,46
MIX,MIX03291,46
MIX,MIX03292,44
MIX,MIX03293,42
MIX,MIX03294,42
MIX,MIX03295,42
MIX,MIX03296,44
MIX,MIX03297,40
MIX,MIX03298,44
MIX,MIX03299,44
MIX,MIX03300,46
MIX,MIX03301,40
MIX,MIX03302,46
MIX,MIX03303,44
MIX,MIX03304,40
MIX,MIX03305,40
MIX,MIX03306,42
MIX,MIX03307,40
MIX,MIX03308,40
MIX,MIX03309,46
MIX,MIX03310,46
MIX,MIX03311,44
MIX,MIX03312,46
MIX,MIX03313,44
MIX,MIX03314,44
MIX,MIX03315,46
MIX,MIX03316,46
MIX,MIX03317,46
MIX,MIX03318,44
MIX,MIX03319,44
MIX,MIX03320,42
MIX,MIX03321,44
MIX,MIX03322,40
MIX,MIX03323,44
MIX,MIX03324,46
MIX,MIX03325,44
MIX,MIX03326,44
MIX,MIX03327,42
MIX,MIX03328,40
MIX,MIX03329,44
MIX,MIX03330,42
MIX,MIX03331,42
MIX,MIX03332,44
MIX,MIX03333,42
MIX,MIX03334,46
MIX,MIX03335,46
MIX,MIX03336,46
MIX,MIX03337,46
MIX,MIX03338,46
MIX,MIX03339,44
MIX,MIX03340,44
MIX,MIX03341,46
MIX,MIX03342,40
MIX,MIX03343,46
MIX,MIX03344,46
MIX,MIX03345,46
MIX,MIX03346,42
MIX,MIX03347,44
MIX,MIX03348,44
MIX,MIX03349,46
MIX,MIX03350,46
MIX,MIX03351,46
MIX,MIX03352,46
MIX,MIX03353,42
MIX,MIX03354,42
MIX,MIX03355,40
MIX,MIX03356,42
MIX,MIX03357,44
MIX,MIX03358,46
MIX,MIX03359,42
NVM,NVM03360,12
NVM,NVM03361,10
NVM,NVM03362,10
NVM,NVM03363,12
NVM,NVM03364,12
NVM,NVM03365,14
NVM,NVM03366,10
NVM,NVM03367,16
NVM,NVM03368,12
NVM,NVM03369,10
NVM,NVM03370,12
NVM,NVM03371,14
NVM,NVM03372,14
NVM,NVM03373,12
NVM,NVM03374,12
NVM,NVM03375,10
NVM,NVM03376,10
NVM,NVM03377,16
ROM,ROM03378,14
ROM,ROM03379,14
ROM,ROM03380,12
ROM,ROM03381,10
ROM,ROM03382,16
ROM,ROM03383,12
ROM,ROM03384,14
ROM,ROM03385,16
ROM,ROM03386,16
ROM,ROM03387,12
ROM,ROM03388,14
ROM,ROM03389,12
ROM,ROM03390,16
ROM,ROM03391,14
ROM,ROM03392,14
ROM,ROM03393,12
ROM,ROM03394,14
ROM,ROM03395,14
SEN,SEN03396,40
SEN,SEN03397,42
SEN,SEN03398,46
SEN,SEN03399,44
SEN,SEN03400,40
SEN,SEN03401,42
SEN,SEN03402,46
SEN,SEN03403,40
SEN,SEN03404,40
SEN,SEN03405,44
SEN,SEN03406,42
SEN,SEN03407,44
SEN,SEN03408,40
SEN,SEN03409,44
SEN,SEN03410,46
SEN,SEN03411,44
SEN,SEN03412,44
